{
    "Adama's Tooth": {
        "Territory": "Adama's Tooth",
        "Sum_CartPriceInCP": 7810583
    },
    "Aerilpar": {
        "Territory": "Aerilpar",
        "Sum_CartPriceInCP": 7612986
    },
    "Alaghon": {
        "Territory": "Alaghon",
        "Sum_CartPriceInCP": 19113491
    },
    "Amphail": {
        "Territory": "Amphail",
        "Sum_CartPriceInCP": 10863912
    },
    "Amruthar": {
        "Territory": "Amruthar",
        "Sum_CartPriceInCP": 8736054
    },
    "Arabel": {
        "Territory": "Arabel",
        "Sum_CartPriceInCP": 8823778
    },
    "Arkanax": {
        "Territory": "Arkanax",
        "Sum_CartPriceInCP": 17276011
    },
    "Arn Rock": {
        "Territory": "Arn Rock",
        "Sum_CartPriceInCP": 8467293
    },
    "Arrabar": {
        "Territory": "Arrabar",
        "Sum_CartPriceInCP": 15776316
    },
    "Assur": {
        "Territory": "Assur",
        "Sum_CartPriceInCP": 20041904
    },
    "Athkatla": {
        "Territory": "Athkatla",
        "Sum_CartPriceInCP": 32114819
    },
    "Auckney": {
        "Territory": "Auckney",
        "Sum_CartPriceInCP": 8300339
    },
    "Azureleaf": {
        "Territory": "Azureleaf",
        "Sum_CartPriceInCP": 11083179
    },
    "Baldur's Gate": {
        "Territory": "Baldur's Gate",
        "Sum_CartPriceInCP": 20976856
    },
    "Beluir": {
        "Territory": "Beluir",
        "Sum_CartPriceInCP": 12365621
    },
    "Berdusk": {
        "Territory": "Berdusk",
        "Sum_CartPriceInCP": 14632168
    },
    "Beregost": {
        "Territory": "Beregost",
        "Sum_CartPriceInCP": 4252221
    },
    "Berranzo": {
        "Territory": "Berranzo",
        "Sum_CartPriceInCP": 6230589
    },
    "Bezentil": {
        "Territory": "Bezentil",
        "Sum_CartPriceInCP": 8348130
    },
    "Blackstone": {
        "Territory": "Blackstone",
        "Sum_CartPriceInCP": 6492422
    },
    "Blingdenstone": {
        "Territory": "Blingdenstone",
        "Sum_CartPriceInCP": 6310125
    },
    "Bloodstone (Damara)": {
        "Territory": "Bloodstone (Damara)",
        "Sum_CartPriceInCP": 6078847
    },
    "Bloodstone (Vaasa)": {
        "Territory": "Bloodstone (Vaasa)",
        "Sum_CartPriceInCP": 5320446
    },
    "Bryn Shander": {
        "Territory": "Bryn Shander",
        "Sum_CartPriceInCP": 7884059
    },
    "Caer Callidyrr": {
        "Territory": "Caer Callidyrr",
        "Sum_CartPriceInCP": 12442399
    },
    "Caer Moray": {
        "Territory": "Caer Moray",
        "Sum_CartPriceInCP": 9497787
    },
    "Caer Westphal": {
        "Territory": "Caer Westphal",
        "Sum_CartPriceInCP": 14263213
    },
    "Calimport": {
        "Territory": "Calimport",
        "Sum_CartPriceInCP": 16904459
    },
    "Candlekeep": {
        "Territory": "Candlekeep",
        "Sum_CartPriceInCP": 13569558
    },
    "Cathyr": {
        "Territory": "Cathyr",
        "Sum_CartPriceInCP": 10152220
    },
    "Cedarspoke": {
        "Territory": "Cedarspoke",
        "Sum_CartPriceInCP": 13400210
    },
    "Cimbar": {
        "Territory": "Cimbar",
        "Sum_CartPriceInCP": 14977236
    },
    "Citadel Adbarr": {
        "Territory": "Citadel Adbarr",
        "Sum_CartPriceInCP": 19917038
    },
    "Citadel Felbarr": {
        "Territory": "Citadel Felbarr",
        "Sum_CartPriceInCP": 20305269
    },
    "Citadel of Conjurers": {
        "Territory": "Citadel of Conjurers",
        "Sum_CartPriceInCP": 10982969
    },
    "Conyberry": {
        "Territory": "Conyberry",
        "Sum_CartPriceInCP": 6244093
    },
    "Crimmor": {
        "Territory": "Crimmor",
        "Sum_CartPriceInCP": 19504201
    },
    "Daerlun": {
        "Territory": "Daerlun",
        "Sum_CartPriceInCP": 14311354
    },
    "Daggerford": {
        "Territory": "Daggerford",
        "Sum_CartPriceInCP": 5452869
    },
    "Darmshall": {
        "Territory": "Darmshall",
        "Sum_CartPriceInCP": 1743035
    },
    "Darromar": {
        "Territory": "Darromar",
        "Sum_CartPriceInCP": 21166272
    },
    "Dashadjen": {
        "Territory": "Dashadjen",
        "Sum_CartPriceInCP": 6875037
    },
    "Dilpur": {
        "Territory": "Dilpur",
        "Sum_CartPriceInCP": 16408391
    },
    "Dusk Hold": {
        "Territory": "Dusk Hold",
        "Sum_CartPriceInCP": 8317624
    },
    "Duskan": {
        "Territory": "Duskan",
        "Sum_CartPriceInCP": 9563658
    },
    "Dwarven Valley": {
        "Territory": "Dwarven Valley",
        "Sum_CartPriceInCP": 8168712
    },
    "Easting": {
        "Territory": "Easting",
        "Sum_CartPriceInCP": 9941018
    },
    "Eltabbar": {
        "Territory": "Eltabbar",
        "Sum_CartPriceInCP": 21786192
    },
    "Elturel": {
        "Territory": "Elturel",
        "Sum_CartPriceInCP": 14812318
    },
    "Emelone": {
        "Territory": "Emelone",
        "Sum_CartPriceInCP": 8086792
    },
    "Emmesh": {
        "Territory": "Emmesh",
        "Sum_CartPriceInCP": 10363722
    },
    "Erebos": {
        "Territory": "Erebos",
        "Sum_CartPriceInCP": 18717141
    },
    "Eshpurta": {
        "Territory": "Eshpurta",
        "Sum_CartPriceInCP": 21211209
    },
    "Eveningstar": {
        "Territory": "Eveningstar",
        "Sum_CartPriceInCP": 13634751
    },
    "Everlund": {
        "Territory": "Everlund",
        "Sum_CartPriceInCP": 9286777
    },
    "Eversult": {
        "Territory": "Eversult",
        "Sum_CartPriceInCP": 12573694
    },
    "Farview": {
        "Territory": "Farview",
        "Sum_CartPriceInCP": 9448769
    },
    "Fireshear": {
        "Territory": "Fireshear",
        "Sum_CartPriceInCP": 5094505
    },
    "Fort Belurian": {
        "Territory": "Fort Belurian",
        "Sum_CartPriceInCP": 6393056
    },
    "Fort Calim": {
        "Territory": "Fort Calim",
        "Sum_CartPriceInCP": 6154475
    },
    "Fort Morninglord": {
        "Territory": "Fort Morninglord",
        "Sum_CartPriceInCP": 10022712
    },
    "Friendly Arm Inn": {
        "Territory": "Friendly Arm Inn",
        "Sum_CartPriceInCP": 5226917
    },
    "Furthinghome": {
        "Territory": "Furthinghome",
        "Sum_CartPriceInCP": 10539363
    },
    "Gauntlgrym": {
        "Territory": "Gauntlgrym",
        "Sum_CartPriceInCP": 14530680
    },
    "Gnarhelm": {
        "Territory": "Gnarhelm",
        "Sum_CartPriceInCP": 8918169
    },
    "Goldenfields": {
        "Territory": "Goldenfields",
        "Sum_CartPriceInCP": 6595738
    },
    "Gracklstugh": {
        "Territory": "Gracklstugh",
        "Sum_CartPriceInCP": 11206383
    },
    "Grondsgrunn": {
        "Territory": "Grondsgrunn",
        "Sum_CartPriceInCP": 8104675
    },
    "Gundbarg": {
        "Territory": "Gundbarg",
        "Sum_CartPriceInCP": 2675320
    },
    "Halagard": {
        "Territory": "Halagard",
        "Sum_CartPriceInCP": 19789266
    },
    "Hammerstaad": {
        "Territory": "Hammerstaad",
        "Sum_CartPriceInCP": 3967374
    },
    "Harrowdale": {
        "Territory": "Harrowdale",
        "Sum_CartPriceInCP": 7261028
    },
    "Heliogabalus": {
        "Territory": "Heliogabalus",
        "Sum_CartPriceInCP": 13222179
    },
    "Helm's Hold": {
        "Territory": "Helm's Hold",
        "Sum_CartPriceInCP": 7368384
    },
    "Heptios": {
        "Territory": "Heptios",
        "Sum_CartPriceInCP": 17455902
    },
    "High Hold": {
        "Territory": "High Hold",
        "Sum_CartPriceInCP": 15574075
    },
    "Highrock": {
        "Territory": "Highrock",
        "Sum_CartPriceInCP": 6317391
    },
    "Hilltop": {
        "Territory": "Hilltop",
        "Sum_CartPriceInCP": 5472408
    },
    "Hlath": {
        "Territory": "Hlath",
        "Sum_CartPriceInCP": 16045164
    },
    "Holondeth": {
        "Territory": "Holondeth",
        "Sum_CartPriceInCP": 12865761
    },
    "Horsa": {
        "Territory": "Horsa",
        "Sum_CartPriceInCP": 4995822
    },
    "Hundlestone": {
        "Territory": "Hundlestone",
        "Sum_CartPriceInCP": 9590649
    },
    "Huzuz": {
        "Territory": "Huzuz",
        "Sum_CartPriceInCP": 15185426
    },
    "Iljak": {
        "Territory": "Iljak",
        "Sum_CartPriceInCP": 15264142
    },
    "Ilmwatch": {
        "Territory": "Ilmwatch",
        "Sum_CartPriceInCP": 15130529
    },
	"Iriaesbor": {
		"Territory": "Iriaesbor",
		"Sum_CartPriceInCP": 13726058
	  },
	  "Ironfang Keep": {
		"Territory": "Ironfang Keep",
		"Sum_CartPriceInCP": 5826491
	  },
	  "Ironmaster": {
		"Territory": "Ironmaster",
		"Sum_CartPriceInCP": 9100320
	  },
	  "Ironspur": {
		"Territory": "Ironspur",
		"Sum_CartPriceInCP": 8362763
	  },
	  "Jalanthar": {
		"Territory": "Jalanthar",
		"Sum_CartPriceInCP": 7393725
	  },
	  "Kai Shan": {
		"Territory": "Kai Shan",
		"Sum_CartPriceInCP": 7481864
	  },
	  "Keltar": {
		"Territory": "Keltar",
		"Sum_CartPriceInCP": 9290724
	  },
	  "Khaerbaal": {
		"Territory": "Khaerbaal",
		"Sum_CartPriceInCP": 13247282
	  },
	  "Koko Nur": {
		"Territory": "Koko Nur",
		"Sum_CartPriceInCP": 8892834
	  },
	  "Korinn": {
		"Territory": "Korinn",
		"Sum_CartPriceInCP": 7227265
	  },
	  "Kork": {
		"Territory": "Kork",
		"Sum_CartPriceInCP": 2651650
	  },
	  "Krenalir": {
		"Territory": "Krenalir",
		"Sum_CartPriceInCP": 21857820
	  },
	  "Kuo Te' Lung": {
		"Territory": "Kuo Te' Lung",
		"Sum_CartPriceInCP": 3168377
	  },
	  "Leilon": {
		"Territory": "Leilon",
		"Sum_CartPriceInCP": 5629406
	  },
	  "Lhuvenhead": {
		"Territory": "Lhuvenhead",
		"Sum_CartPriceInCP": 7780709
	  },
	  "Lundeth": {
		"Territory": "Lundeth",
		"Sum_CartPriceInCP": 10932715
	  },
	  "Lushpool": {
		"Territory": "Lushpool",
		"Sum_CartPriceInCP": 23614080
	  },
	  "Luskan": {
		"Territory": "Luskan",
		"Sum_CartPriceInCP": 10070603
	  },
	  "Lyrabar": {
		"Territory": "Lyrabar",
		"Sum_CartPriceInCP": 13156245
	  },
	  "Malaxer": {
		"Territory": "Malaxer",
		"Sum_CartPriceInCP": 18788453
	  },
	  "Manshaka": {
		"Territory": "Manshaka",
		"Sum_CartPriceInCP": 8255699
	  },
	  "Mantol Dereith": {
		"Territory": "Mantol Dereith",
		"Sum_CartPriceInCP": 1919178
	  },
	  "Maralith": {
		"Territory": "Maralith",
		"Sum_CartPriceInCP": 18581796
	  },
	  "Marsember": {
		"Territory": "Marsember",
		"Sum_CartPriceInCP": 11575649
	  },
	  "Maur-Eturo": {
		"Territory": "Maur-Eturo",
		"Sum_CartPriceInCP": 7674282
	  },
	  "Memnon": {
		"Territory": "Memnon",
		"Sum_CartPriceInCP": 12334187
	  },
	  "Memnonnar": {
		"Territory": "Memnonnar",
		"Sum_CartPriceInCP": 8079522
	  },
	  "Menzoberranzan": {
		"Territory": "Menzoberranzan",
		"Sum_CartPriceInCP": 9180342
	  },
	  "Mereu": {
		"Territory": "Mereu",
		"Sum_CartPriceInCP": 11175375
	  },
	  "Messemprar": {
		"Territory": "Messemprar",
		"Sum_CartPriceInCP": 21027987
	  },
	  "Mintarn": {
		"Territory": "Mintarn",
		"Sum_CartPriceInCP": 7228828
	  },
	  "Mirabar": {
		"Territory": "Mirabar",
		"Sum_CartPriceInCP": 10134936
	  },
	  "Mithral Hall": {
		"Territory": "Mithral Hall",
		"Sum_CartPriceInCP": 15348031
	  },
	  "Morningstar Hollows": {
		"Territory": "Morningstar Hollows",
		"Sum_CartPriceInCP": 7191495
	  },
	  "Mount Talath": {
		"Territory": "Mount Talath",
		"Sum_CartPriceInCP": 14278275
	  },
	  "Mucklestones": {
		"Territory": "Mucklestones",
		"Sum_CartPriceInCP": 7929244
	  },
	  "Mulsantir": {
		"Territory": "Mulsantir",
		"Sum_CartPriceInCP": 11702345
	  },
	  "Murann": {
		"Territory": "Murann",
		"Sum_CartPriceInCP": 13670431
	  },
	  "Mussum": {
		"Territory": "Mussum",
		"Sum_CartPriceInCP": 17425553
	  },
	  "Myratma": {
		"Territory": "Myratma",
		"Sum_CartPriceInCP": 10649385
	  },
	  "Myth Drannor": {
		"Territory": "Myth Drannor",
		"Sum_CartPriceInCP": 11213301
	  },
	  "Nashkel": {
		"Territory": "Nashkel",
		"Sum_CartPriceInCP": 7798204
	  },
	  "Nethyr": {
		"Territory": "Nethyr",
		"Sum_CartPriceInCP": 12037188
	  },
	  "Neverwinter": {
		"Territory": "Neverwinter",
		"Sum_CartPriceInCP": 10272752
	  },
	  "New Alaron": {
		"Territory": "New Alaron",
		"Sum_CartPriceInCP": 10102066
	  },
	  "New Sarshel": {
		"Territory": "New Sarshel",
		"Sum_CartPriceInCP": 9736260
	  },
	  "Nexal": {
		"Territory": "Nexal",
		"Sum_CartPriceInCP": 16672350
	  },
	  "Norheim": {
		"Territory": "Norheim",
		"Sum_CartPriceInCP": 8201382
	  },
	  "Nykkar": {
		"Territory": "Nykkar",
		"Sum_CartPriceInCP": 11249734
	  },
	  "Nyth": {
		"Territory": "Nyth",
		"Sum_CartPriceInCP": 12742393
	  },
	  "Ogden": {
		"Territory": "Ogden",
		"Sum_CartPriceInCP": 4702921
	  },
	  "Olafstaad": {
		"Territory": "Olafstaad",
		"Sum_CartPriceInCP": 6735925
	  },
	  "Old Vaelan": {
		"Territory": "Old Vaelan",
		"Sum_CartPriceInCP": 9709953
	  },
	  "Oman": {
		"Territory": "Oman",
		"Sum_CartPriceInCP": 7837896
	  },
	  "Ordulin": {
		"Territory": "Ordulin",
		"Sum_CartPriceInCP": 18956174
	  },
	  "Paletorch": {
		"Territory": "Paletorch",
		"Sum_CartPriceInCP": 11004428
	  },
	  "Palischuk": {
		"Territory": "Palischuk",
		"Sum_CartPriceInCP": 7250992
	  },
	  "Palost Port": {
		"Territory": "Palost Port",
		"Sum_CartPriceInCP": 7995896
	  },
	  "Pengram": {
		"Territory": "Pengram",
		"Sum_CartPriceInCP": 9696674
	  },
	  "Phandalin": {
		"Territory": "Phandalin",
		"Sum_CartPriceInCP": 8364007
	  },
	  "Phannaskul": {
		"Territory": "Phannaskul",
		"Sum_CartPriceInCP": 20180946
	  },
	  "Phant": {
		"Territory": "Phant",
		"Sum_CartPriceInCP": 10987862
	  },
	  "Phent": {
		"Territory": "Phent",
		"Sum_CartPriceInCP": 5632117
	  },
	  "Port Castigliar": {
		"Territory": "Port Castigliar",
		"Sum_CartPriceInCP": 10078837
	  },
	  "Port Kir": {
		"Territory": "Port Kir",
		"Sum_CartPriceInCP": 8432454
	  },
	  "Port Nowhere": {
		"Territory": "Port Nowhere",
		"Sum_CartPriceInCP": 12417625
	  },
	  "Port Nyanzaru": {
		"Territory": "Port Nyanzaru",
		"Sum_CartPriceInCP": 6136551
	  },
	  "Praka": {
		"Territory": "Praka",
		"Sum_CartPriceInCP": 6186046
	  },
	  "Priapurl": {
		"Territory": "Priapurl",
		"Sum_CartPriceInCP": 9668982
	  },
	  "Proskur": {
		"Territory": "Proskur",
		"Sum_CartPriceInCP": 9273426
	  },
	  "Purple Rock Isles": {
		"Territory": "Purple Rock Isles",
		"Sum_CartPriceInCP": 5821842
	  },
	  "Rauvincross": {
		"Territory": "Rauvincross",
		"Sum_CartPriceInCP": 15693205
	  },
	  "Ravenstone": {
		"Territory": "Ravenstone",
		"Sum_CartPriceInCP": 7398932
	  },
	  "Red Larch": {
		"Territory": "Red Larch",
		"Sum_CartPriceInCP": 3813066
	  },
	  "Regent's Field": {
		"Territory": "Regent's Field",
		"Sum_CartPriceInCP": 9591347
	  },
	  "Riatavin": {
		"Territory": "Riatavin",
		"Sum_CartPriceInCP": 15431658
	  },
	  "Rivermoot": {
		"Territory": "Rivermoot",
		"Sum_CartPriceInCP": 6745149
	  },
	  "Rogarsheim": {
		"Territory": "Rogarsheim",
		"Sum_CartPriceInCP": 7536552
	  },
	  "Ruathym": {
		"Territory": "Ruathym",
		"Sum_CartPriceInCP": 7804537
	  },
	  "Saerloon": {
		"Territory": "Saerloon",
		"Sum_CartPriceInCP": 16556731
	  },
	  "Sambar": {
		"Territory": "Sambar",
		"Sum_CartPriceInCP": 11569913
	  },
	  "Scornubel": {
		"Territory": "Scornubel",
		"Sum_CartPriceInCP": 11791262
	  },
	  "Secomber": {
		"Territory": "Secomber",
		"Sum_CartPriceInCP": 15312418
	  },
	  "Shamph": {
		"Territory": "Shamph",
		"Sum_CartPriceInCP": 11231225
	  },
	  "Shimmerglade": {
		"Territory": "Shimmerglade",
		"Sum_CartPriceInCP": 14872500
	  },
	  "Shoun": {
		"Territory": "Shoun",
		"Sum_CartPriceInCP": 11415941
	  },
	  "Silverymoon": {
		"Territory": "Silverymoon",
		"Sum_CartPriceInCP": 16958626
	  },
	  "Singing Sands": {
		"Territory": "Singing Sands",
		"Sum_CartPriceInCP": 5436802
	  },
	  "Skuld": {
		"Territory": "Skuld",
		"Sum_CartPriceInCP": 5884963
	  },
	  "Starmantle": {
		"Territory": "Starmantle",
		"Sum_CartPriceInCP": 19866846
	  },
	  "Sundabar": {
		"Territory": "Sundabar",
		"Sum_CartPriceInCP": 11304987
	  },
	  "Sunderstaad": {
		"Territory": "Sunderstaad",
		"Sum_CartPriceInCP": 6883362
	  },
	  "Sundrah": {
		"Territory": "Sundrah",
		"Sum_CartPriceInCP": 8845213
	  },
	  "Surthay": {
		"Territory": "Surthay",
		"Sum_CartPriceInCP": 9767977
	  },
	  "Suzail": {
		"Territory": "Suzail",
		"Sum_CartPriceInCP": 13472599
	  },
	  "Targos": {
		"Territory": "Targos",
		"Sum_CartPriceInCP": 10875982
	  },
	  "Telflamm": {
		"Territory": "Telflamm",
		"Sum_CartPriceInCP": 9268246
	  },
	  "Telos City": {
		"Territory": "Telos City",
		"Sum_CartPriceInCP": 24272963
	  },
	  "Tharsult": {
		"Territory": "Tharsult",
		"Sum_CartPriceInCP": 8074600
	  },
	  "The Nath": {
		"Territory": "The Nath",
		"Sum_CartPriceInCP": 14011259
	  },
	  "The Smoking Keep": {
		"Territory": "The Smoking Keep",
		"Sum_CartPriceInCP": 15569119
	  },
	  "Theshburl": {
		"Territory": "Theshburl",
		"Sum_CartPriceInCP": 7181477
	  },
	  "Thindar": {
		"Territory": "Thindar",
		"Sum_CartPriceInCP": 12715230
	  },
	  "Thornhold": {
		"Territory": "Thornhold",
		"Sum_CartPriceInCP": 12964488
	  },
	  "Thunderstone": {
		"Territory": "Thunderstone",
		"Sum_CartPriceInCP": 8227720
	  },
	  "Tilbrand": {
		"Territory": "Tilbrand",
		"Sum_CartPriceInCP": 9368122
	  },
	  "Tilverton": {
		"Territory": "Tilverton",
		"Sum_CartPriceInCP": 11269599
	  },
	  "Toreus": {
		"Territory": "Toreus",
		"Sum_CartPriceInCP": 20348018
	  },
	  "Trademeet": {
		"Territory": "Trademeet",
		"Sum_CartPriceInCP": 18883972
	  },
	  "Triel": {
		"Territory": "Triel",
		"Sum_CartPriceInCP": 13752334
	  },
	  "Tyraturos": {
		"Territory": "Tyraturos",
		"Sum_CartPriceInCP": 13211161
	  },
	  "Uluvin": {
		"Territory": "Uluvin",
		"Sum_CartPriceInCP": 10995216
	  },
	  "Urmlaspyr": {
		"Territory": "Urmlaspyr",
		"Sum_CartPriceInCP": 17194229
	  },
	  "Vaelan": {
		"Territory": "Vaelan",
		"Sum_CartPriceInCP": 9136711
	  },
	  "Valls": {
		"Territory": "Valls",
		"Sum_CartPriceInCP": 7341255
	  },
	  "Velen": {
		"Territory": "Velen",
		"Sum_CartPriceInCP": 13820536
	  },
	  "Velprintalar": {
		"Territory": "Velprintalar",
		"Sum_CartPriceInCP": 7398457
	  },
	  "Wai": {
		"Territory": "Wai",
		"Sum_CartPriceInCP": 7777022
	  },
	  "Waterdeep": {
		"Territory": "Waterdeep",
		"Sum_CartPriceInCP": 20634348
	  },
	  "Waymoot": {
		"Territory": "Waymoot",
		"Sum_CartPriceInCP": 14035728
	  },
	  "Whalebone Isles": {
		"Territory": "Whalebone Isles",
		"Sum_CartPriceInCP": 7622789
	  },
	  "Wyrmspine": {
		"Territory": "Wyrmspine",
		"Sum_CartPriceInCP": 14185725
	  },
	  "Yhaunn": {
		"Territory": "Yhaunn",
		"Sum_CartPriceInCP": 7817144
	  },
	  "Yuthgalaunt": {
		"Territory": "Yuthgalaunt",
		"Sum_CartPriceInCP": 16889790
	  },
	  "Zabbasz": {
		"Territory": "Zabbasz",
		"Sum_CartPriceInCP": 17841118
	  },
	  "Zalazuu": {
		"Territory": "Zalazuu",
		"Sum_CartPriceInCP": 15416836
	  },
	  "Zazesspur": {
		"Territory": "Zazesspur",
		"Sum_CartPriceInCP": 11653546
	  }
}